Workbook
Name _1.전기공사: #REF!
Name _1.전기공사: #REF!
Name _A100000: #REF!
Name _A100000: #REF!
Name _A66000: #REF!
Name _A66000: #REF!
Name _A67000: #REF!
Name _A67000: #REF!
Name _A68000: #REF!
Name _A68000: #REF!
Name _A80000: #REF!
Name _A80000: #REF!
Name _zz1: #REF!
Name _zz1: #REF!
Name 가맹: #REF!
Name 가맹: #REF!
Name 가설공: #REF!
Name 가설공: #REF!
Name 가시설: #REF!
Name 가시설: #REF!
Name 감사..: #REF!
Name 감사..: #REF!
Name 갑지: #REF!
Name 갑지: #REF!
Name 건물용도: #REF!
Name 건물용도: #REF!
Name 건축: #REF!
Name 건축: #REF!
Name 경과년수: #REF!
Name 계측기: #REF!,#REF!
Name 계측기: #REF!,#REF!
Name 계측기: #REF!,#REF!
Name 고급: #REF!
Name 고급: #REF!
Name 고케: 70455
Name 공사명: #REF!
Name 공사명: #REF!
Name 공정수량: #REF!
Name 공정수량: #REF!
Name 공정집계: #REF!
Name 공정집계: #REF!
Name 공조실급수2: #REF!
Name 공조실급수2: #REF!
Name 구구일일: #REF!
Name 구조방식: #REF!
Name 구조방식: #REF!
Name 구조형식: #REF!
Name 구조형식: #REF!
Name 근린합계: #REF!
Name 근린합계: #REF!
Name 기술료: #REF!
Name 기술사: #REF!
Name 기초대가: #REF!
Name 기초대가: #REF!
Name 내선: 49296
Name 내업: #REF!
Name 내업: #REF!
Name 내역: #REF!
Name 내역: #REF!
Name 내역111111111111111: #REF!

Sheet 갑지
D1: ㈜ 에 이 앤 비
D3: (우)16910 경기도 용인시 기흥구 마북로 159 한성프라자 207호 (마북동) 전화 : 031-283-3328 팩스 : 031-284-3328
D6: 문서번호 : | H6: ANB-20260219-9
D7: 작성일자 : | H7: 46072
D8: 수 신 : | H8: 효성뉴서울5차아파트
D9: 참 조 : | H9: 관리소장
D10: 제 목 : | H10: 2026년 상반기
D14: 1. 귀 아파트(사)의 무궁한 발전을 기원합니다.
D16: 2. 당 사는 경기도 용인시 기흥구 마북로 159, 한성프라자 207호에 위치한 업체로 시설물 안전진단(구조 안전진단), 안전점검(정밀, 정기), 건축물 하자 조사(점검), 장기수선계획 조정(검토 포함), 시설물 유지보수(도장, 방수공사 등), 기술자문및 감리 등을 주 업무로 하는 ㈜에이앤비입니다.
D18: 3. 귀 아파트(사)에서 의뢰하신 정기안전점검건에 대한 견적서를 제출하오니 업무에 참고하시기 바랍니다.
D20: 4. 시설물 개요
H21: 가. 단 지 명 : | N21: 효성뉴서울5차아파트
H22: 나. 소 재 지 : | N22: 인천 계양구 아나지로 199 (효성동)
H23: 다. 점 검 범 위 : | N23: 아파트 6개동 648세대 (해당동 : 6개동)
H24: 라. 준 공 일 : | N24: 1994년 12월
H25: 마. 전화 / 팩스 : | N25: 031-283-3328 / 031-284-3328
D27: 5. 용역의 범위
H28: 가. 시설물의 안전 및 유지관리에 관한 특별법 제11조에 의거한 건축물 정기안전점검
H29: 나. 정기안전점검 보고서 제출 및 FMS등록
D31: 6. 용 역 비 : | N31: ="일금"&NUMBERSTRING(대가산출!H29,1)&"원정 (₩"&TEXT(대가산출!H29,"#,##0")&")" -> 일금일백오십만원정 (₩1,500,000) | AB31: (VAT별도)
D33: 7. 지 불 조 건 : | N33: 정기안전점검보고서 납품(FMS 등록)후 10일 이내 지불조건
D36: ※ 첨 부 : 1. 견적서 1부 끝.
D38: ㈜에이앤비 대표이사

Sheet 대가산출
B1: 정기안전점검 용역
B3: 총 용 역 비 | D3: ="일금"&NUMBERSTRING(H29,1)&"원정 (₩"&TEXT(H29,"#,##0")&") - VAT별도" -> 일금일백오십만원정 (₩1,500,000) - VAT별도
B4: 공급가액 | D4: ="일금 "&NUMBERSTRING(H29,1)&"원정"&TEXT(H29,"(￦ #,##0)")&" " -> 일금 일백오십만원정(₩ 1,500,000)
B5: 부가가치세 | D5: ="일금 "&NUMBERSTRING(H30,1)&"원정"&TEXT(H30,"(￦ #,##0)")&" "
B6: 산 출 내 역 서
B7: 구 분 | D7: 기술자등급 | E7: 단 가 | F7: 단 위 | G7: 인 원 | H7: 금 액 | I7: 비 고
B8: 1. 직 접 인 건 비 | H8: =INT(SUM(H9,H10,H11,H12,H13,H14,H15,H16)) -> 1092686 | I8: 인원은 변경될수 있음
C9: 가. 외업 | D9: 특급기술자 | E9: 373353 | F9: 인·일 | G9: 0 | H9: =INT(E9*G9) -> 0
D10: 고급기술자 | E10: 310884 | F10: 인·일 | G10: 1 | H10: =INT(E10*G10) -> 310884
D11: 중급기술자 | E11: 295138 | F11: 인·일 | G11: 0 | H11: =INT(E11*G11) -> 0
D12: 초급기술자 | E12: 235459 | F12: 인·일 | G12: 1 | H12: =INT(E12*G12) -> 235459
C13: 나. 내업 | D13: 특급기술자 | E13: 373353 | F13: 인·일 | G13: 0 | H13: =INT(E13*G13) -> 0
D14: 고급기술자 | E14: 310884 | F14: 인·일 | G14: 1 | H14: =INT(E14*G14) -> 310884
D15: 중급기술자 | E15: 295138 | F15: 인·일 | G15: 0 | H15: =INT(E15*G15) -> 0
D16: 초급기술자 | E16: 235459 | F16: 인·일 | G16: 1 | H16: =INT(E16*G16) -> 235459
B17: 2. 제 경 비 | F17: % | G17: 10 | H17: =ROUND(H8*G17%,0) -> 109269 | I17: 직접인건비 * 10%
B18: 3. 기 술 료 | F18: % | G18: 10 | H18: =ROUND((H8+H17)*G18%,0) -> 120196 | I18: (직접인건비+제경비) * 10%
B19: 4. 직 접 경 비 | H19: =INT(SUM(H21,H22,H23,H24,H25,)) -> 219268
B20: 가. 체재비 및 차량비
B21: (1) 여비 및 현장체재비 | E21: 20000 | F21: 1 | G21: 2 | H21: =G21*E21*F21 -> 40000
B22: (2) 차량운행비 | E22: 20000 | F22: 1 | G22: 2 | H22: =G22*E22*F22 -> 40000
B23: (3) 위험수당 | F23: % | G23: 10 | H23: =ROUND((SUM(H9:H12))*G23%,0) -> 54634 | I23: 외업인건비의 10%
B24: (4) 기계기구손료 | F24: % | G24: 5 | H24: =ROUND(H8*G24%,0) -> 54634 | I24: 직접인건비의 5%
B25: (5) 인쇄비 | E25: 30000 | F25: 식 | G25: 1 | H25: =INT(G25*E25) -> 30000
B26: 5. 조 정 비 | H26: =INT(SUM(H8,H17,H18,H19)*0) -> 0 | I26: 구조형식,용도,경과년수
B27: 6. 합 계 금 액 | D27: ( 1 + 2 + 3 + 4 ) | H27: =(SUM(H8,H17,H18,H19,H26)) -> 1541419
B28: 절 삭 금 액 | H28: 41419
B29: 공 급 가 액 | H29: =H27-H28 -> 1500000
B30: 부가가치세 | H30: 별도
B31: 견 적 금 액 | H31: =H29 -> 1500000 | I31: 부가세 별도
D32: ㈜ 에 이 앤 비
D33: 사업자등록번호 : 863-87-00907 | I33: ※ 특이사항
D34: 경기도 용인시 기흥구 마북로 159 (한성프라자 207호) | I34: 견적서 유효기간
D35: 대 표 이 사 서 응 원 (인) | I35: 발행일로부터
D36: 전화번호 : 031-283-3328 담당자 : 이 현 희 실장 | I36: 30일입니다.

Sheet 계약서
B7: 사우
B8: 정기안전점검 용역 계약서
B9: =갑지!H8 -> 효성뉴서울5차아파트
B16: =갑지!H10 -> 2026년 상반기
I22: ㈜ 에이앤비
I23: 경기도 용인시 기흥구 마북로 159 한성프라자 207호
I24: 전화 : 031-283-3328 팩스 :031-284-3328
B27: 시설물의 정기안전점검 표준계약서
B28: 계 약 자 | D28: 관 리 주 체 | G28: =B9 -> 효성뉴서울5차아파트
D29: 계약상대자 | G29: ● 상호 또는 법인명 : (주)에이앤비
G30: ● 사업자등록번호 : 863-87-00907
G31: ● 주 소 : 경기도 용인시 기흥구 마북로 159 한성프라자 207호
G32: ● 전화번호 : 031-283-3328 팩스번호 : 031-284-3328
G33: ● 대 표 자 : 서 응 원
B34: 계 약 내 용 | D34: 계 약 건 명 | G34: =G28&" 정기안전점검 용역" -> 효성뉴서울5차아파트 정기안전점검 용역
D35: 계 약 금 액 | G35: =갑지!N31&" - VAT별도" -> 일금일백오십만원정 (₩1,500,000) - VAT별도
D36: 공 급 가 액 | G36: =G35 -> 일금일백오십만원정 (₩1,500,000) - VAT별도
D37: 부가 가치세 | G37: 10% 별도
D38: 계 약 기 간 | G38: 2026 . . . ~ 2026 . . .
D39: 위 치 | G39: =갑지!N22 -> 인천 계양구 아나지로 199 (효성동)
G40: 전 화 : | I40: 031-283-3328 | N40: / | O40: 팩 스 : | Q40: 031-284-3328
D41: 보고서 납품 | G41: 시설물통합정보시스템(FMS)등록 후 정기안전점검 보고서 1부
D42: 기 타 사 항 | G42: 상기 금액은
B45: 관리주체와 계약상대자는 상호 대등한 입장에서 붙임의 계약문서에 의하여 위와 같이 계약을 체결하고 신의에 따라 성실히 계약상의 의무를 이행할 것을 확약하며, 이 계약의 증거로서 계약서를 작성하여 당사자가 기명날인한 후 각각 1통씩 보관한다.
B47: 붙 임 서 류 : | E47: 1. 시설물의 정기안전점검 표준계약조건 1부.
E48: 2. 시설물의 정기안전점검 과업내용 1부.
E49: 3. 시설물의 정기안전점검 대가산출 내역서 1부.
B51: 계 약 일 자 : | E51: 2026 년 월 일
B52: 관 리 주 체(발 주 자) | L52: 계 약 상 대 자(수 주 자)
B53: 상 호 : | E53: =B9 -> 효성뉴서울5차아파트 | L53: 상 호 : | O53: ㈜ 에 이 앤 비
B54: 주 소 : | E54: =G39 -> 인천 계양구 아나지로 199 (효성동) | L54: 주 소 : | O54: 경기도 용인시 기흥구 마북로 159, 한성프라자 207호(마북동)
B55: 관리소장 : | E55: (인) | L55: 대표이사 : | O55: 서 응 원 (인)
B56: <붙임 1>
B57: 시설물의 정기안전점검 표준계약조건
B59: 「시설물의 안전 및 유지관리에 관한 특별법」(이하 “시설물안전법”이라 한다) 제11조, 제12조 및
B60: 동법 시행령 제8조에 따라 | I60: =B9 -> 효성뉴서울5차아파트 | P60: (이하 "발주자"라 한다)와
B61: 정기안전점검의 실시자인 ㈜에이앤비(이하 "수주자"라 한다)는 다음과 같이 계약을 체결한다.
B63: 제1조(목적)
C64: 이 계약은 "발주자"가 관리하고 있는 시설물에 대하여 "수주자"는 정기안전점검을 실시하여 구조적・기능적 결함을 발견하고, 그에 대한 신속하고 적절한 조치를 취하기 위하여 구조적 안전성 및 결함의 원인 등을 조사・측정・평가하고 보수・보강 등의 방법을 제시함으로써 재해 및 재난을 예방하고 시설물의 효용증진과 공공의 안전을 확보하는데 그 목적이 있다.
B66: 제2조(점검의 범위) 정기안전점검의 범위는 다음과 같다.
C67: ="① 시설물명 : "&E53 -> ① 시설물명 : 효성뉴서울5차아파트
C68: ="② 위 치 : "&갑지!N22 -> ② 위 치 : 인천 계양구 아나지로 199 (효성동)
C69: ③ 용 도 : 공동주택
C70: ="④ 정기안전점검 대상시설물의 범위 : "&갑지!N23 -> ④ 정기안전점검 대상시설물의 범위 : 아파트 6개동 648세대 (해당동 : 6개동)
B72: 제3조(계약기간)
C73: ① 계약기간은 착수 일로부터 일간으로 한다.
C74: ② 다만, 천재지변 및 부득이한 사유로 인하여 정기안전점검의 일부 또는 전부의 변경이 불가피한 경우에는 "발주자"와 "수주자"는 협의하여 그 기간을 변경할 수 있다.
B76: 제4조(계약금액의 산정 및 변경)
C77: ① 계약금액의 산정은 국토교통부장관이 고시한 안전점검 및 정밀안전진단 대가기준에 의하되, 기본과업은 <붙임 2>와 같다.
C78: ② 계약기간 중 물가변동으로 인한 계약금액의 조정은 기획재정부가 회계예규로 정한 기술용역계약 일반조건의 관련조항에 따라 품목 조정율을 적용한다.
C79: ③ 제3조 제2항에 따라 정기안전점검 업무의 일부 또는 전부의 변경이 불가피한 경우 "발주자"와 "수주자"는 협의하여 변경할 수 있다.
B81: 제5조(대가의 지급 등)
C82: 정기안전점검 대가 지급은 기획재정부가 회계예규로 정한 기술․용역 계약 일반조건 지급 요령에 의한다.
B84: 제6조(실시자의 의무)
C85: ① "수주자"는 제1조에서 규정한 목적을 수행하기 위하여 모든 지식과 기술을 활용, 신의와 성실의 원칙에 입각하여 계약을 이행한다.
C86: ② "수주자"는 시설물안전법 제21조의 규정에 의한 안전점검 등에 관한 지침에 의거 정기안전점검을 성실하게 실시하여야 한다.
C87: ③ "수주자"는 정기안전점검을 실시함에 있어 시설물안전법 제11조의 규정에 따라 실시한 정기안전점검 결과를 기초로 수행하여야 하며, "발주자"는 주요결함사항 및 보수・보강 내용 등에 대하여 "수주자"에게 미리 통보하여야 한다.
C88: ④ "수주자"는 점검수행 중 발생한 안전사고에 대해 책임을 지며, 안전사고를 미연에 방지하도록 하여야 한다.
B90: 제7조(실시결과의 통보)
C91: ① "수주자"는 시설물안전법 제17조 제1항에 따라 "발주자"에게 정기안전점검 실시결과를 통보하여야 한다.
C92: ② "수주자"는 계약기간 중에도 시설물안전법 제22조 및 동법 시행령 제18조에 따른 중대한 결함이 있을 경우에는 서면으로 "발주자"에게 통보하여야 한다.
C93: ③ "수주자"는 정기안전점검 후 실시 결과를 시설물통합정보시스템(FMS)에 등록 및 보고하여야 한다.
B95: 제8조(설계도서 등의 열람교부 등)
C96: ① "수주자"는 정기안전점검을 수행함에 있어서 필요한 경우에는 시설물안전법 제10조에 따라 "발주자"에게 해당 시설물의 설계・시공 및 감리와 관련된 서류의 열람이나 그 사본의 교부를 요청할 수 있으며 이 경우 "발주자"는 이에 응하여야 한다.
C97: ② 다만, 국방 기타 보안상의 기밀을 요하는 시설물의 경우에는 "발주자" 또는 관련기관의 동의를 얻어 이를 열람할 수 있다.
B99: 제9조(관리주체의 의무)
C100: ① "발주자"는 "수주자"가 정기안전점검을 공정하게 실시할 수 있도록 제반여건을 조성하여야 한다.
C101: ② "수주자"는 시설물의 상태평가・안전성평가 등에 있어서 정기안전점검 성과를 일관성 있게 비교평가하기 위하여 "발주자"가 소유하고 있는 진단관련장비(사다리, 줄자) 등의 사용 및 운영관리자의 지원을 요청할 수 있으며 "발주자"는 특별한 사정이 없는 한 이에 협조하여야 한다.
C102: ③ "발주자"는 정기안전점검을 실시함에 있어서 시설물의 근접조사 및 상세조사가 가능하도록 "수주자"에게 협조하여야 한다.
B104: 제10조(인・허가 사항 등)
C105: "수주자"가 정기안전점검 업무와 관련하여 인・허가 등의 사항이 필요한 경우에는 "발주자"는 정기안전점검 업무수행에 지장이 없도록 협조하여야 한다.
B107: 제11조(계약의 해제 및 해지)
C108: 본 계약은 다음의 경우에 해제 또는 해지할 수 있다.
C109: 1.천재지변, 전쟁, 기타 불가항력의 사유로 인하여 정기안전점검 업무의 수행이 불가능한 때
C110: 2."발주자" 와"수주자"가 정기안전점검 업무가 필요치 않다고 협의되었을 때
C111: 3."발주자"가 제10조의 의무를 기피하여 "수주자"의 정상적인 진단이 곤란할 때
C112: 4."수주자"가 정당한 이유 없이 제3조에 정한 기간 내에 과업을 수행할 수 없음이 명백할 때
B114: 제12조(보안사항)
C115: "수주자"는 정기안전점검 수행시 얻은 정보 또는 성과품 및 자료를 계약이행의 전・후를 막론하고 "발주자"의 사전승인 없이 외부에 누설할 수 없다.
B117: 제13조(기타사항)
C118: 이 계약에 명시되지 아니한 사항은 기획재정부가 회계예규로 정한 기술용역계약 일반조건과 관계법령에 의한다.
B120: <붙임 2>
B121: 시설물의 정기안전점검 과업내용
B122: 과업항목 | F122: 지침상 기본과업 | M122: 금회 과업 내용
B123: 자료수집 및 분석 | F123: ∙준공도면 | M123: ◦좌동
F124: ∙시설물관리대장
F125: ∙기존 안전점검·정밀안전진단 실시결과
F126: ∙보수․보강이력 검토․분석
B127: 현장조사 | F127: ∙주요시설, 일반시설, 부대시설 각각의 평가항목에 대한 외관조사 | M127: ◦좌동
F128: ∙ 콘크리트 구조물 : 균열, 누수, 박리, 박락, 층분리, 백태, 철근노출 등
F129: ∙강재 구조물 : 균열, 도장상태, 부식상태 등
B130: 상태평가 <제3종 시설물에 한해 실시> | F130: ∙외관조사 결과 분석 | M130: ◦좌동
F131: ∙시설물 전체의 상태평가 결과에 대한 책임기술자의 소견 (안전등급 지정)
B132: 안전성평가 | F132: - | M132: -
B133: 보수·보강 방법 | F133: - | M133: -
B134: 보고서작성 | F134: ∙보고서 작성 | M134: ◦좌동
B135: <붙임 3>
B136: 시설물의 정기안전점검 대가산출 내역서
B137: 1. 직 접 인 건 비 | M137: 단위 | P137: 인원 | R137: =INT(SUM(R138,R139,R140,R141,R142,R143,R144,R145)) -> 1092686
C138: 가.외업 | F138: 특급기술자 | I138: 373353 | M138: 인 | O138: × | P138: =대가산출!G9 -> 0 | R138: =P138*I138 -> 0
...
